time,current,voltage,fl.hx.position,fl.hx.velocity,fl.hx.acceleration,fl.hx.load,fl.hy.position,fl.hy.velocity,fl.hy.acceleration,fl.hy.load,fl.kn.position,fl.kn.velocity,fl.kn.acceleration,fl.kn.load,fr.hx.position,fr.hx.velocity,fr.hx.acceleration,fr.hx.load,fr.hy.position,fr.hy.velocity,fr.hy.acceleration,fr.hy.load,fr.kn.position,fr.kn.velocity,fr.kn.acceleration,fr.kn.load,hl.hx.position,hl.hx.velocity,hl.hx.acceleration,hl.hx.load,hl.hy.position,hl.hy.velocity,hl.hy.acceleration,hl.hy.load,hl.kn.position,hl.kn.velocity,hl.kn.acceleration,hl.kn.load,hr.hx.position,hr.hx.velocity,hr.hx.acceleration,hr.hx.load,hr.hy.position,hr.hy.velocity,hr.hy.acceleration,hr.hy.load,hr.kn.position,hr.kn.velocity,hr.kn.acceleration,hr.kn.load
1650935790.699352,-4.284000396728516,54.75400161743164,0.1364457607269287,-0.6643651127815247,-0.6643651127815247,2.4178051948547363,0.9105671048164368,3.056110382080078,3.056110382080078,10.521177291870117,-1.533979058265686,-4.049360752105713,-4.049360752105713,-2.0130369663238525,-0.11676248162984848,-0.011072979308664799,-0.011072979308664799,26.62350845336914,0.9034875631332397,0.19659294188022614,0.19659294188022614,-10.101276397705078,-1.507295846939087,-0.04842954874038696,-0.04842954874038696,29.999553680419922,0.13682737946510315,-0.028508435934782028,-0.028508435934782028,-24.90753173828125,0.8958868384361267,0.2134147584438324,0.2134147584438324,-6.778872013092041,-1.505753517150879,-0.34820371866226196,-0.34820371866226196,37.084877014160156,-0.1183699518442154,0.5676355361938477,0.5676355361938477,-4.765731334686279,0.9137192964553833,3.173588991165161,3.173588991165161,9.678844451904297,-1.5324105024337769,-4.0852274894714355,-4.0852274894714355,-2.4011805057525635,
1650935790.747352,-4.284000396728516,54.75400161743164,0.11319626867771149,-0.8671963214874268,-0.8671963214874268,-4.28376579284668,1.0518813133239746,1.8909759521484375,1.8909759521484375,0.35426291823387146,-1.7797194719314575,-5.3515625,-5.3515625,-0.4335945248603821,-0.1206996738910675,-0.3696575462818146,-0.3696575462818146,27.79296875,0.9106202125549316,-0.04443231597542763,-0.04443231597542763,-1.9899665117263794,-1.5177780389785767,0.22354403138160706,0.22354403138160706,32.95284652709961,0.1266399472951889,-0.10953949391841888,-0.10953949391841888,-24.252666473388672,0.8964811563491821,-0.21260999143123627,-0.21260999143123627,3.9867031574249268,-1.5025897026062012,0.2378743588924408,0.2378743588924408,35.596744537353516,-0.113653764128685,-0.053463488817214966,-0.053463488817214966,-0.192655548453331,1.0540002584457397,1.4486236572265625,1.4486236572265625,0.3657868802547455,-1.785293698310852,-4.609967231750488,-4.609967231750488,-1.4074150323867798,
1650935790.765352,-4.284000396728516,54.75400161743164,0.08743491023778915,-1.8358559608459473,-1.8358559608459473,1.8209465742111206,1.0906267166137695,2.3713643550872803,2.3713643550872803,2.467724084854126,-1.875033974647522,-4.891453742980957,-4.891453742980957,0.9558661580085754,-0.12312592566013336,0.018609467893838882,0.018609467893838882,24.665822982788086,0.9106650948524475,0.08499108999967575,0.08499108999967575,-2.6234211921691895,-1.5169631242752075,-0.10695209354162216,-0.10695209354162216,32.02589797973633,0.12664635479450226,0.002921298611909151,0.002921298611909151,-25.619115829467773,0.8947683572769165,0.039420198649168015,0.039420198649168015,2.812183380126953,-1.499825358390808,0.051541414111852646,0.051541414111852646,38.000892639160156,-0.10966366529464722,0.3579365015029907,0.3579365015029907,-2.3056962490081787,1.0857391357421875,2.06148362159729,2.06148362159729,2.061856508255005,-1.8607784509658813,-3.975497245788574,-3.975497245788574,-1.1520097255706787,
1650935790.7743518,-4.284000396728516,54.75400161743164,0.07036564499139786,-1.9500257968902588,-1.9500257968902588,1.883773684501648,1.1126590967178345,2.4973948001861572,2.4973948001861572,1.6720085144042969,-1.9166592359542847,-4.426254749298096,-4.426254749298096,-0.33020326495170593,-0.12324758619070053,-0.01970536634325981,-0.01970536634325981,26.60805320739746,0.9119049906730652,0.16292162239551544,0.16292162239551544,-2.978773832321167,-1.5180177688598633,-0.14318478107452393,-0.14318478107452393,29.63022804260254,0.12656976282596588,0.013281777501106262,0.013281777501106262,-24.360952377319336,0.8953052759170532,0.10001086443662643,0.10001086443662643,0.6375271081924438,-1.499745488166809,-0.09664293378591537,-0.09664293378591537,38.11526107788086,-0.10670156031847,0.2787723243236542,0.2787723243236542,-4.019952297210693,1.1056733131408691,2.254701614379883,2.254701614379883,0.49350297451019287,-1.895500659942627,-3.734611749649048,-3.734611749649048,-1.2055264711380005,
1650935790.786352,-4.284000396728516,54.75400161743164,0.046724315732717514,-1.9531826972961426,-1.9531826972961426,0.5015747547149658,1.1428402662277222,2.510798692703247,2.510798692703247,-1.2219635248184204,-1.9690062999725342,-4.4789299964904785,-4.4789299964904785,-1.0562777519226074,-0.12327315658330917,-0.023300213739275932,-0.023300213739275932,27.499317169189453,0.9142058491706848,0.24357852339744568,0.24357852339744568,-3.262025833129883,-1.5209258794784546,-0.30934837460517883,-0.30934837460517883,26.988780975341797,0.1263401359319687,-0.033466629683971405,-0.033466629683971405,-21.581645965576172,0.8966089487075806,0.08057616651058197,0.08057616651058197,-0.598539412021637,-1.4999691247940063,0.06633227318525314,0.06633227318525314,38.736236572265625,-0.10467115789651871,0.07437656819820404,0.07437656819820404,-4.78126859664917,1.1325548887252808,2.1414506435394287,2.1414506435394287,-2.091470718383789,-1.9413124322891235,-4.053622245788574,-4.053622245788574,-2.183712959289551,
1650935790.795357,-4.284000396728516,54.75400161743164,0.028903357684612274,-2.0568666458129883,-2.0568666458129883,-2.8701529502868652,1.1635828018188477,2.0574867725372314,2.0574867725372314,-5.742844581604004,-2.008234739303589,-4.0210700035095215,-4.0210700035095215,-0.34751778841018677,-0.12350374460220337,5.433815204014536e-06,5.433815204014536e-06,29.59095001220703,0.9163661003112793,0.20228439569473267,0.20228439569473267,-1.1453603506088257,-1.523290753364563,-0.22975853085517883,-0.22975853085517883,28.28071403503418,0.12617427110671997,-0.028736840933561325,-0.028736840933561325,-19.86971664428711,0.8973117470741272,0.04513048380613327,0.04513048380613327,0.3605661392211914,-1.499745488166809,0.055604878813028336,0.055604878813028336,39.4598503112793,-0.10555791109800339,-0.16566646099090576,-0.16566646099090576,-2.8184194564819336,1.1489673852920532,1.474190354347229,1.474190354347229,-5.330350875854492,-1.974644422531128,-3.475733995437622,-3.475733995437622,-1.5678999423980713,
1650935790.822352,-4.372000217437744,54.72600173950195,-0.037626441568136215,-3.0703248977661133,-3.0703248977661133,-3.2418806552886963,1.1838717460632324,-0.35505178570747375,-0.35505178570747375,-3.2746057510375977,-2.088449239730835,-1.7305279970169067,-1.7305279970169067,0.052892230451107025,-0.1244063451886177,0.021223396062850952,0.021223396062850952,27.695085525512695,0.9195298552513123,0.04783140495419502,0.04783140495419502,6.662096977233887,-1.5249686241149902,0.07849491387605667,0.07849491387605667,31.519968032836914,0.12521104514598846,-0.00954412017017603,-0.00954412017017603,-19.276729583740234,0.8964427709579468,-0.0588790588080883,-0.0588790588080883,7.269203186035156,-1.4935296773910522,0.35231712460517883,0.35231712460517883,44.158084869384766,-0.10789023339748383,0.06501454859972,0.06501454859972,-1.6376025676727295,1.152278184890747,-0.8977237343788147,-0.8977237343788147,-2.4337499141693115,-2.035188913345337,-0.7720762491226196,-0.7720762491226196,0.4911833703517914,
1650935790.831352,-4.372000217437744,54.72600173950195,-0.06641358137130737,-3.352632522583008,-3.352632522583008,-2.1476399898529053,1.178239107131958,-0.8363074064254761,-0.8363074064254761,-2.6816201210021973,-2.100688934326172,-0.9284446239471436,-0.9284446239471436,0.3405244052410126,-0.12427832931280136,0.010930828750133514,0.010930828750133514,26.360767364501953,0.919996440410614,0.06862593442201614,0.06862593442201614,8.03715705871582,-1.5239299535751343,0.11826393753290176,0.11826393753290176,31.166776657104492,0.12529397010803223,0.006807269062846899,0.006807269062846899,-20.735994338989258,0.8961488604545593,-0.030665908008813858,-0.030665908008813858,8.874550819396973,-1.4906853437423706,0.3784031867980957,0.3784031867980957,45.84089660644531,-0.10697788000106812,0.06439725309610367,0.06439725309610367,-1.67903470993042,1.1422119140625,-1.3110841512680054,-1.3110841512680054,-2.8117895126342773,-2.0376176834106445,0.2383626401424408,0.2383626401424408,-0.47293591499328613,
1650935790.858367,-4.372000217437744,54.72600173950195,-0.1637670248746872,-3.909379482269287,-3.909379482269287,0.5748732089996338,1.1495904922485352,-0.8249059915542603,-0.8249059915542603,1.3679133653640747,-2.102910041809082,-0.03553725779056549,-0.03553725779056549,-1.9712997674942017,-0.12352932244539261,0.03977864608168602,0.03977864608168602,27.375673294067383,0.9239141941070557,0.2837836742401123,0.2837836742401123,7.3213019371032715,-1.5234665870666504,-0.14992085099220276,-0.14992085099220276,29.97225570678711,0.12542152404785156,-0.006694820709526539,-0.006694820709526539,-20.674118041992188,0.8961167335510254,0.04166831821203232,0.04166831821203232,5.930558681488037,-1.482887625694275,0.22131718695163727,0.22131718695163727,48.60285186767578,-0.10832715779542923,-0.21987715363502502,-0.21987715363502502,-5.035040855407715,1.1029123067855835,-1.248492956161499,-1.248492956161499,0.5905672311782837,-2.018315076828003,0.6975319981575012,0.6975319981575012,-2.3497040271759033,
1650935790.873352,-4.372000217437744,54.72600173950195,-0.22206732630729675,-3.835836172103882,-3.835836172103882,-1.215702772140503,1.1366137266159058,-1.0003976821899414,-1.0003976821899414,-1.9213824272155762,-2.1051950454711914,-0.1692856401205063,-0.1692856401205063,-1.4349143505096436,-0.1236637681722641,-0.03290623053908348,-0.03290623053908348,30.446149826049805,0.9290273785591125,0.40095072984695435,0.40095072984695435,7.939306259155273,-1.526566505432129,-0.2715361714363098,-0.2715361714363098,28.234037399291992,0.12521104514598846,-0.018184468150138855,-0.018184468150138855,-18.229978561401367,0.8969283699989319,0.03582587465643883,0.03582587465643883,5.048386573791504,-1.4784774780273438,0.30584901571273804,0.30584901571273804,50.45463562011719,-0.11588334292173386,-0.7253926992416382,-0.7253926992416382,-6.303900718688965,1.0838154554367065,-1.3577512502670288,-1.3577512502670288,-0.40050968527793884,-2.0112204551696777,0.3244111239910126,0.3244111239910126,-1.7366851568222046,
1650935790.885352,-4.372000217437744,54.72600173950195,-0.26924726366996765,-3.9392664432525635,-3.9392664432525635,-2.2994723320007324,1.1220849752426147,-1.4385944604873657,-1.4385944604873657,-2.6664154529571533,-2.107048749923706,-0.11428740620613098,-0.11428740620613098,-1.0745799541473389,-0.12375334650278091,-0.01660033129155636,-0.01660033129155636,31.54348373413086,0.9340190291404724,0.4079185426235199,0.4079185426235199,9.958121299743652,-1.529826283454895,-0.28932884335517883,-0.28932884335517883,28.65755271911621,0.12481549382209778,-0.027861127629876137,-0.027861127629876137,-16.451017379760742,0.8974268436431885,0.03001006320118904,0.03001006320118904,6.597316741943359,-1.4740194082260132,0.45615828037261963,0.45615828037261963,52.166561126708984,-0.12732689082622528,-1.081627607345581,-1.081627607345581,-5.454541206359863,1.0658944845199585,-1.615864872932434,-1.615864872932434,-0.5639863014221191,-2.007545232772827,0.2929835617542267,0.2929835617542267,-1.4283567667007446,
1650935790.903352,-4.372000217437744,54.72600173950195,-0.3407878875732422,-3.99139404296875,-3.99139404296875,-2.0586347579956055,1.091322660446167,-1.8676843643188477,-1.8676843643188477,-0.664455771446228,-2.108215093612671,-0.03370990231633186,-0.03370990231633186,-0.8485437631607056,-0.12373419851064682,0.002612199867144227,0.002612199867144227,31.213768005371094,0.9409343004226685,0.3599761724472046,0.3599761724472046,12.234437942504883,-1.5321111679077148,-0.014719645492732525,-0.014719645492732525,30.112939834594727,0.12438811361789703,-0.009721391834318638,-0.009721391834318638,-18.095911026000977,0.8981042504310608,0.08025564253330231,0.08025564253330231,8.93096923828125,-1.4661897420883179,0.5067027807235718,0.5067027807235718,53.134769439697266,-0.14705908298492432,-1.0220818519592285,-1.0220818519592285,-4.434274196624756,1.0338934659957886,-1.8565865755081177,-1.8565865755081177,0.00818181224167347,-2.0014731884002686,0.4415690302848816,0.4415690302848816,-1.0307821035385132,
1650935790.915372,-4.372000217437744,54.72600173950195,-0.38817334175109863,-3.70439076423645,-3.70439076423645,1.3445067405700684,1.0680513381958008,-2.0826709270477295,-2.0826709270477295,-1.0547112226486206,-2.1073362827301025,0.26892462372779846,0.26892462372779846,-0.17309068143367767,-0.12324758619070053,0.1112322062253952,0.1112322062253952,28.740901947021484,0.945478618144989,0.3860325813293457,0.3860325813293457,13.424097061157227,-1.531807541847229,0.04441463574767113,0.04441463574767113,31.105344772338867,0.12459859997034073,0.03318063169717789,0.03318063169717789,-21.55070686340332,0.8993119597434998,0.1173754557967186,0.1173754557967186,11.413359642028809,-1.4604212045669556,0.49826884269714355,0.49826884269714355,54.18620300292969,-0.15845122933387756,-0.8981116414070129,-0.8981116414070129,-3.1602349281311035,1.0115433931350708,-1.9418879747390747,-1.9418879747390747,-1.6010409593582153,-1.9954490661621094,0.6552438735961914,0.6552438735961914,-0.6192020177841187,
1650935790.921352,-4.372000217437744,54.72600173950195,-0.4095660448074341,-3.3849942684173584,-3.3849942684173584,1.8366533517837524,1.0548126697540283,-2.326988697052002,-2.326988697052002,-1.3486698865890503,-2.1041085720062256,0.778024435043335,0.778024435043335,0.0010224120924249291,-0.12244092673063278,0.14983709156513214,0.14983709156513214,28.035104751586914,0.9478498697280884,0.40591421723365784,0.40591421723365784,14.201752662658691,-1.5315200090408325,0.05029389634728432,0.05029389634728432,32.2121696472168,0.1248665302991867,0.03470636159181595,0.03470636159181595,-23.824684143066406,0.8999701738357544,0.10625765472650528,0.10625765472650528,12.541719436645508,-1.4572733640670776,0.46801018714904785,0.46801018714904785,54.68629455566406,-0.163360133767128,-0.7862394452095032,-0.7862394452095032,-2.4092767238616943,0.9992339611053467,-2.1062567234039307,-2.1062567234039307,-2.602335214614868,-1.9903039932250977,1.1952533721923828,1.1952533721923828,0.717726469039917,
1650935790.936352,-4.372000217437744,54.72600173950195,-0.45227470993995667,-2.316838502883911,-2.316838502883911,2.5905799865722656,1.015384316444397,-2.8966169357299805,-2.8966169357299805,1.200661063194275,-2.0768165588378906,2.7895359992980957,2.7895359992980957,0.2832067012786865,-0.11874061822891235,0.31800389289855957,0.31800389289855957,26.55138397216797,0.9548099637031555,0.5283485651016235,0.5283485651016235,16.174217224121094,-1.5323508977890015,-0.15586529672145844,-0.15586529672145844,34.59918212890625,0.12660805881023407,0.28659212589263916,0.28659212589263916,-26.8618106842041,0.9011587500572205,0.04325319081544876,0.04325319081544876,13.89062213897705,-1.4489803314208984,0.598706841468811,0.598706841468811,54.14883804321289,-0.17397478222846985,-0.5653507709503174,-0.5653507709503174,-0.7675269246101379,0.9623693227767944,-2.6918296813964844,-2.6918296813964844,-2.08636212348938,-1.9584736824035645,2.8845880031585693,2.8845880031585693,0.7986495494842529,
1650935790.9693723,-4.372000217437744,54.72600173950195,-0.49716752767562866,-0.5969688296318054,-0.5969688296318054,2.7214701175689697,0.9240165948867798,-2.351273775100708,-2.351273775100708,4.75857400894165,-1.9257673025131226,5.731770992279053,5.731770992279053,0.18314814567565918,-0.1063978299498558,0.40009644627571106,0.40009644627571106,27.442646026611328,0.9758695363998413,0.7626352906227112,0.7626352906227112,14.279003143310547,-1.5401965379714966,-0.33545663952827454,-0.33545663952827454,31.827838897705078,0.14031670987606049,0.4393590986728668,0.4393590986728668,-23.37607765197754,0.9037277698516846,0.18017083406448364,0.18017083406448364,13.67007827758789,-1.4265137910842896,0.6768761873245239,0.6768761873245239,57.42148208618164,-0.17896084487438202,0.17123746871948242,0.17123746871948242,-2.8184194564819336,0.8760558366775513,-2.1931204795837402,-2.1931204795837402,3.4514076709747314,-1.815238356590271,4.919389247894287,4.919389247894287,-0.6120633482933044,
1650935790.9813519,-4.372000217437744,54.72600173950195,-0.5012918710708618,-0.15371771156787872,-0.15371771156787872,2.820946455001831,0.9001704454421997,-1.6134788990020752,-1.6134788990020752,4.018609523773193,-1.8591829538345337,5.2682294845581055,5.2682294845581055,-1.5811982154846191,-0.10123787075281143,0.452631413936615,0.452631413936615,28.617258071899414,0.9858079552650452,0.8724557757377625,0.8724557757377625,11.25593090057373,-1.5443990230560303,-0.33303001523017883,-0.33303001523017883,28.258689880371094,0.14537537097930908,0.4117615520954132,0.4117615520954132,-21.437267303466797,0.9065011739730835,0.2989664673805237,0.2989664673805237,14.336836814880371,-1.417581558227539,0.7546164989471436,0.7546164989471436,58.72479248046875,-0.17515061795711517,0.4290763735771179,0.4290763735771179,-3.3466796875,0.8551948070526123,-1.3539321422576904,-1.3539321422576904,4.2687907218933105,-1.7589603662490845,4.4956207275390625,4.4956207275390625,-0.6613791584968567,
1650935790.990352,-4.372000217437744,54.72600173950195,-0.500726580619812,0.24364416301250458,0.24364416301250458,2.5486953258514404,0.8883687853813171,-1.0978456735610962,-1.0978456735610962,2.8782525062561035,-1.8142660856246948,4.785984992980957,4.785984992980957,-0.08232467621564865,-0.09700621664524078,0.48708564043045044,0.48708564043045044,29.317903518676758,0.9938802123069763,0.9574034214019775,0.9574034214019775,9.73151969909668,-1.5470834970474243,-0.26478901505470276,-0.26478901505470276,26.308433532714844,0.14936232566833496,0.45895063877105713,0.45895063877105713,-21.02475357055664,0.9093639850616455,0.32335007190704346,0.32335007190704346,15.095914840698242,-1.4106626510620117,0.757871687412262,0.757871687412262,59.39036178588867,-0.17001035809516907,0.7191493511199951,0.7191493511199951,-3.429543972015381,0.8463046550750732,-0.6865929961204529,-0.6865929961204529,3.058042049407959,-1.7212660312652588,3.79296875,3.79296875,-1.6999421119689941,
1650935791.005352,-4.372000217437744,54.72600173950195,-0.4909617006778717,1.0485721826553345,1.0485721826553345,3.1769673824310303,0.8763307332992554,-0.5456427335739136,-0.5456427335739136,2.52854323387146,-1.7470585107803345,4.126775741577148,4.126775741577148,-0.4625990092754364,-0.08965680748224258,0.5237371921539307,0.5237371921539307,28.24117660522461,1.0084012746810913,0.9994630217552185,0.9994630217552185,10.01992130279541,-1.5493046045303345,-0.10108901560306549,-0.10108901560306549,27.227930068969727,0.15680037438869476,0.5687972903251648,0.5687972903251648,-20.9216251373291,0.91471266746521,0.35356032848358154,0.35356032848358154,16.1268253326416,-1.3982629776000977,0.8135653734207153,0.8135653734207153,60.1815071105957,-0.15584251284599304,1.1669398546218872,1.1669398546218872,-2.8702096939086914,0.8411149382591248,-0.10780737549066544,-0.10780737549066544,1.1371921300888062,-1.6701972484588623,3.11209774017334,3.11209774017334,-1.1364070177078247,
1650935791.020352,-4.372000217437744,54.72600173950195,-0.4695752263069153,1.7910573482513428,1.7910573482513428,2.9413654804229736,0.872639536857605,-0.02929394133388996,-0.02929394133388996,1.8240561485290527,-1.688751220703125,3.73378324508667,3.73378324508667,-0.14763318002223969,-0.0798875093460083,0.7504204511642456,0.7504204511642456,26.324705123901367,1.0242005586624146,1.074704647064209,1.074704647064209,12.05933666229248,-1.5506787300109863,-0.07573723793029785,-0.07573723793029785,30.344253540039062,0.16666243970394135,0.7560335993766785,0.7560335993766785,-20.803028106689453,0.919761061668396,0.32609179615974426,0.32609179615974426,16.090923309326172,-1.3843454122543335,0.9848781228065491,0.9848781228065491,58.151512145996094,-0.1349858194589615,1.5943583250045776,1.5943583250045776,-2.3212335109710693,0.8416582942008972,0.1122342050075531,0.1122342050075531,-0.599746823310852,-1.6250406503677368,2.93690824508667,2.93690824508667,-1.0701309442520142,
1650935791.032352,-4.372000217437744,54.72600173950195,-0.4446553885936737,2.3367631435394287,2.3367631435394287,3.1193759441375732,0.8732908964157104,0.13554337620735168,0.13554337620735168,1.7632371187210083,-1.6455601453781128,3.5406014919281006,3.5406014919281006,-0.4874090850353241,-0.06970202922821045,0.9114201664924622,0.9114201664924622,25.52102279663086,1.0376927852630615,1.130194902420044,1.130194902420044,13.774299621582031,-1.5516375303268433,-0.040255460888147354,-0.040255460888147354,33.54994201660156,0.1765245795249939,0.8999518752098083,0.8999518752098083,-20.880374908447266,0.9236143827438354,0.3227820098400116,0.3227820098400116,15.613934516906738,-1.3720096349716187,1.0751065015792847,1.0751065015792847,56.75269317626953,-0.11423201113939285,1.907778263092041,1.907778263092041,-2.114072561264038,0.8430834412574768,0.21378009021282196,0.21378009021282196,1.2955600023269653,-1.589295744895935,2.9203362464904785,2.9203362464904785,-0.5202479958534241,
1650935791.0443568,-4.372000217437744,54.72600173950195,-0.4125726521015167,2.896523952484131,2.896523952484131,1.4806324243545532,0.8771929144859314,0.44893592596054077,0.44893592596054077,-3.4722676277160645,-1.6143531799316406,-0.5016757249832153,-0.5016757249832153,19.98158836364746,-0.057500045746564865,1.0116132497787476,1.0116132497787476,23.61485481262207,1.0518304109573364,1.2289440631866455,1.2289440631866455,13.964850425720215,-1.5531076192855835,-0.01236701849848032,-0.01236701849848032,31.9207763671875,0.18915525078773499,1.2071397304534912,1.2071397304534912,-22.08697509765625,0.9278575778007507,0.3967454731464386,0.3967454731464386,17.296215057373047,-1.3578362464904785,1.2784091234207153,1.2784091234207153,59.36980056762695,-0.08981581777334213,1.6881431341171265,1.6881431341171265,1.2833656072616577,0.8493724465370178,0.701222836971283,0.701222836971283,-1.9279941320419312,-1.5651994943618774,-0.22316673398017883,-0.22316673398017883,26.710651397705078,
1650935791.0503669,-4.372000217437744,54.72600173950195,-0.3986705243587494,1.7987511157989502,1.7987511157989502,2.522517204284668,0.8776655197143555,0.012874249368906021,0.012874249368906021,-14.728856086730957,-1.6093517541885376,1.0433831214904785,1.0433831214904785,23.759151458740234,-0.0517447330057621,0.7528074979782104,0.7528074979782104,18.226064682006836,1.0592252016067505,1.0337655544281006,1.0337655544281006,14.88155746459961,-1.5539544820785522,-0.08979935944080353,-0.08979935944080353,30.345111846923828,0.19561077654361725,0.7531431317329407,0.7531431317329407,-19.28704261779785,0.9302219748497009,0.4331808388233185,0.4331808388233185,16.4499454498291,-1.351220965385437,0.6022727489471436,0.6022727489471436,51.88823318481445,-0.0859285295009613,0.0575222484767437,0.0575222484767437,9.808034896850586,0.8523380756378174,1.1767641305923462,1.1767641305923462,-5.5960001945495605,-1.5601180791854858,1.7298177480697632,1.7298177480697632,30.197845458984375,
1650935791.068352,-5.328000068664551,54.6140022277832,-0.3914882242679596,-0.21773305535316467,-0.21773305535316467,-6.524603366851807,0.901517927646637,1.5505425930023193,1.5505425930023193,-8.839547157287598,-1.5998761653900146,0.3877915143966675,0.3877915143966675,33.99578094482422,-0.03604724630713463,1.9269696474075317,1.9269696474075317,-2.5408668518066406,1.101388692855835,4.341367244720459,4.341367244720459,8.238008499145508,-1.587302565574646,-4.12772274017334,-4.12772274017334,-0.6690216064453125,0.20831163227558136,0.6491876840591431,0.6491876840591431,3.1949105262756348,0.9601798057556152,3.2334532737731934,3.2334532737731934,9.818269729614258,-1.3735755681991577,-2.973721742630005,-2.973721742630005,-0.8019763827323914,-0.08073040097951889,1.1320184469223022,1.1320184469223022,4.064500331878662,0.8740233182907104,1.382339596748352,1.382339596748352,-5.6164350509643555,-1.546631932258606,-0.21977835893630981,-0.21977835893630981,32.654727935791016,
1650935791.0773668,-5.328000068664551,54.6140022277832,-0.3902676999568939,0.4945776164531708,0.4945776164531708,-17.30470848083496,0.9142647981643677,1.392768144607544,1.392768144607544,-14.754197120666504,-1.5965687036514282,0.11838971078395844,0.11838971078395844,27.919679641723633,-0.01766098290681839,1.9443588256835938,1.9443588256835938,-1.9587128162384033,1.1429452896118164,4.732450485229492,4.732450485229492,-2.113567590713501,-1.6286240816116333,-4.641098499298096,-4.641098499298096,-2.932742118835449,0.21244528889656067,0.1377907395362854,0.1377907395362854,11.336883544921875,0.9948410391807556,4.147982597351074,4.147982597351074,2.576253890991211,-1.4095282554626465,-4.398556232452393,-4.398556232452393,-1.5530853271484375,-0.06810463219881058,1.3530181646347046,1.3530181646347046,4.7688469886779785,0.8897649645805359,1.6773669719696045,1.6773669719696045,-3.843735694885254,-1.55009925365448,-0.6679983735084534,-0.6679983735084534,39.64155197143555,
1650935791.0863519,-5.328000068664551,54.6140022277832,-0.383939653635025,0.9652647972106934,0.9652647972106934,-21.864917755126953,0.926903247833252,1.3953858613967896,1.3953858613967896,-11.520651817321777,-1.594842791557312,0.1226399764418602,0.1226399764418602,26.599437713623047,-0.0021171551197767258,1.5350184440612793,1.5350184440612793,-0.3152865171432495,1.180992841720581,3.664090156555176,3.664090156555176,-13.891703605651855,-1.6715916395187378,-4.65447473526001,-4.65447473526001,-3.8249008655548096,0.2163684070110321,0.7842769622802734,0.7842769622802734,10.57889175415039,1.030824899673462,3.7566771507263184,3.7566771507263184,-6.932738780975342,-1.4506421089172363,-4.672821998596191,-4.672821998596191,-4.387908458709717,-0.05713651329278946,1.2408286333084106,1.2408286333084106,7.078690528869629,0.9026880264282227,1.348061203956604,1.348061203956604,-5.4427409172058105,-1.5537744760513306,-0.34690162539482117,-0.34690162539482117,38.349769592285156,
1650935791.092357,-5.328000068664551,54.6140022277832,-0.37696292996406555,1.3168801069259644,1.3168801069259644,-19.456541061401367,0.9344006180763245,1.1426784992218018,1.1426784992218018,-9.437600135803223,-1.594395399093628,0.03161251172423363,0.03161251172423363,28.802209854125977,0.006474234629422426,1.393850326538086,1.393850326538086,1.3229879140853882,1.1997705698013306,2.7076570987701416,2.7076570987701416,-13.938054084777832,-1.7000981569290161,-5.006984233856201,-5.006984233856201,-3.7979462146759033,0.22286243736743927,1.3120481967926025,1.3120481967926025,7.237536907196045,1.0506093502044678,2.877305269241333,2.877305269241333,-9.05097770690918,-1.4806824922561646,-5.165009498596191,-5.165009498596191,-4.053417205810547,-0.049477510154247284,1.2849524021148682,1.2849524021148682,7.570697784423828,0.910236120223999,1.1968703269958496,1.1968703269958496,-4.410795211791992,-1.555643916130066,-0.32580938935279846,-0.32580938935279846,35.857643127441406,
1650935791.101352,-5.328000068664551,54.6140022277832,-0.3626496195793152,1.8326832056045532,1.8326832056045532,-14.032456398010254,0.9433923363685608,0.9150843024253845,0.9150843024253845,-8.226287841796875,-1.5963128805160522,-0.33283767104148865,-0.33283767104148865,29.514074325561523,0.018087295815348625,1.2181566953659058,1.2181566953659058,4.2955803871154785,1.2170591354370117,1.3302816152572632,1.3302816152572632,-8.66441535949707,-1.7476674318313599,-5.275450229644775,-5.275450229644775,-2.5303549766540527,0.23565888404846191,1.4826266765594482,1.4826266765594482,2.870056629180908,1.070623755455017,1.6805083751678467,1.6805083751678467,-7.779008388519287,-1.5259989500045776,-4.889559745788574,-4.889559745788574,-2.749340772628784,-0.037719208747148514,1.283254623413086,1.283254623413086,5.323002338409424,0.919509768486023,0.8681167960166931,0.8681167960166931,-4.073624610900879,-1.5577691793441772,-0.11130592972040176,-0.11130592972040176,29.998762130737305,
1650935791.1133518,-5.328000068664551,54.6140022277832,-0.3386807441711426,1.920757532119751,1.920757532119751,-2.498425245285034,0.9527418613433838,0.7102060914039612,0.7102060914039612,-5.727639675140381,-1.5995086431503296,-0.2880859375,-0.2880859375,35.13528060913086,0.03420725837349892,1.5239051580429077,1.5239051580429077,3.9967753887176514,1.2278541326522827,0.7142155170440674,0.7142155170440674,-0.6664068698883057,-1.8104966878890991,-5.22869348526001,-5.22869348526001,-0.8336786031723022,0.2526910901069641,1.1109737157821655,1.1109737157821655,-2.8896548748016357,1.0845483541488647,0.8681526780128479,0.8681526780128479,-4.029778003692627,-1.5890518426895142,-5.282907485961914,-5.282907485961914,-0.8691120743751526,-0.025800233706831932,0.7848511338233948,0.7848511338233948,2.7542076110839844,0.9284383058547974,0.7070937752723694,0.7070937752723694,-3.8794960975646973,-1.5557399988174438,0.3653675615787506,0.3653675615787506,22.959131240844727,
1650935791.1193519,-5.328000068664551,54.6140022277832,-0.32828620076179504,1.5358445644378662,1.5358445644378662,2.3497424125671387,0.957282304763794,0.7920264601707458,0.7920264601707458,-5.616138458251953,-1.600387454032898,-0.14721310138702393,-0.14721310138702393,36.0273551940918,0.04457833245396614,1.8057990074157715,1.8057990074157715,1.4981492757797241,1.2326220273971558,0.866640031337738,0.866640031337738,2.2948648929595947,-1.8435251712799072,-5.513731479644775,-5.513731479644775,-0.599732518196106,0.2575647532939911,0.5595351457595825,0.5595351457595825,-3.333106279373169,1.0894050598144531,0.7616001963615417,0.7616001963615417,-2.039762020111084,-1.6212655305862427,-5.332623481750488,-5.332623481750488,-0.339740514755249,-0.02135385200381279,0.7136120796203613,0.7136120796203613,2.0343236923217773,0.9327394962310791,0.7146533131599426,0.7146533131599426,-3.465695858001709,-1.5531033277511597,0.5537997484207153,0.5537997484207153,23.018482208251953,
1650935791.128362,-5.328000068664551,54.6140022277832,-0.3179110884666443,0.805019199848175,0.805019199848175,6.040842056274414,0.9650353193283081,0.9140750169754028,0.9140750169754028,-5.382998943328857,-1.6001158952713013,0.11468321084976196,0.11468321084976196,37.76022720336914,0.0610632561147213,1.8303966522216797,1.8303966522216797,-2.3038837909698486,1.241026520729065,0.9802402853965759,0.9802402853965759,2.2176144123077393,-1.8919894695281982,-5.169744491577148,-5.169744491577148,-0.39168134331703186,0.25897449254989624,-0.17267553508281708,-0.17267553508281708,-1.806808590888977,1.096606969833374,0.8536195755004883,0.8536195755004883,-1.2704261541366577,-1.669442057609558,-5.51775598526001,-5.51775598526001,-0.27450624108314514,-0.015012073330581188,0.752412736415863,0.752412736415863,2.391676187515259,0.9398337602615356,0.8851218223571777,0.8851218223571777,-3.179611921310425,-1.5499075651168823,0.1573486328125,0.1573486328125,24.562490463256836,
1650935791.137362,-5.328000068664551,54.6140022277832,-0.31321489810943604,0.31334856152534485,0.31334856152534485,5.925658702850342,0.9736629724502563,1.0226012468338013,1.0226012468338013,-5.925301551818848,-1.5987895727157593,0.1840006560087204,0.1840006560087204,37.14913558959961,0.07638941705226898,1.5619874000549316,1.5619874000549316,-4.653107643127441,1.24965500831604,0.8963342308998108,0.8963342308998108,-0.027802158147096634,-1.9383125305175781,-5.200520992279053,-5.200520992279053,-1.7131892442703247,0.2546366751194,-0.7147397398948669,-0.7147397398948669,0.5702970623970032,1.1043903827667236,0.8582667112350464,0.8582667112350464,-1.7166410684585571,-1.7190886735916138,-5.3977274894714355,-5.3977274894714355,0.021986298263072968,-0.007590819615870714,0.8908053040504456,0.8908053040504456,3.3912272453308105,0.948800802230835,1.0619189739227295,1.0619189739227295,-2.699399471282959,-1.5498915910720825,-0.09593432396650314,-0.09593432396650314,24.861799240112305,
1650935791.1463518,-5.328000068664551,54.6140022277832,-0.31103062629699707,0.2390001118183136,0.2390001118183136,2.8890092372894287,0.9833254218101501,1.0624192953109741,1.0624192953109741,-5.85434627532959,-1.5969840288162231,0.2585967183113098,0.2585967183113098,35.50381851196289,0.08806648850440979,1.0767039060592651,1.0767039060592651,-3.009681224822998,1.2559696435928345,0.4671018123626709,0.4671018123626709,-1.814865231513977,-1.9849071502685547,-5.005326747894287,-5.005326747894287,-1.1551575660705566,0.24725614488124847,-0.8301547169685364,-0.8301547169685364,1.6634563207626343,1.1113749742507935,0.6824017763137817,0.6824017763137817,-1.8653793334960938,-1.7655235528945923,-5.011600494384766,-5.011600494384766,-0.23114140331745148,0.00018389770411886275,0.8005586266517639,0.8005586266517639,4.468463897705078,0.9586175680160522,1.083240270614624,1.083240270614624,-2.500162363052368,-1.5503870248794556,0.05139530077576637,0.05139530077576637,26.577735900878906,
1650935791.1523519,-5.328000068664551,54.6140022277832,-0.3088977038860321,0.45002883672714233,0.45002883672714233,0.9884857535362244,0.9898648858070374,1.1044373512268066,1.1044373512268066,-6.1331000328063965,-1.5956257581710815,0.2703820466995239,0.2703820466995239,34.36082458496094,0.0938473790884018,0.9100685715675354,0.9100685715675354,-0.9695659279823303,1.2575480937957764,0.09163045883178711,0.09163045883178711,-3.159025192260742,-2.014500141143799,-4.875355243682861,-4.875355243682861,-1.2011208534240723,0.2424781620502472,-0.7765269875526428,-0.7765269875526428,1.89033842086792,1.115145206451416,0.579115629196167,0.579115629196167,-2.250047206878662,-1.7959156036376953,-5.039181232452393,-5.039181232452393,-2.278247833251953,0.004540232941508293,0.6783495545387268,0.6783495545387268,4.6497297286987305,0.9650216698646545,1.0936564207077026,1.0936564207077026,-2.8168981075286865,-1.5497477054595947,0.22928504645824432,0.22928504645824432,26.81392478942871,
1650935791.164352,-5.328000068664551,54.6140022277832,-0.3007583022117615,0.8105952739715576,0.8105952739715576,-2.294236660003662,1.00296950340271,1.051814317703247,1.051814317703247,-6.31555700302124,-1.5928455591201782,0.2702784836292267,0.2702784836292267,33.806758880615234,0.10451934486627579,0.8824435472488403,0.8824435472488403,2.950958728790283,1.2511570453643799,-1.1545783281326294,-1.1545783281326294,-7.299655437469482,-2.0679497718811035,-3.896780490875244,-3.896780490875244,-0.2409718781709671,0.23355384171009064,-0.7569944858551025,-0.7569944858551025,0.039186712354421616,1.1186662912368774,-0.10882383584976196,-0.10882383584976196,-5.891571044921875,-1.8570830821990967,-4.86600399017334,-4.86600399017334,-0.5144364237785339,0.012861003167927265,0.7583228945732117,0.7583228945732117,2.36578106880188,0.9772735238075256,0.9634317755699158,0.9634317755699158,-3.670041799545288,-1.545465350151062,0.4558475613594055,0.4558475613594055,27.321733474731445,
1650935791.176352,-5.328000068664551,54.6140022277832,-0.29018381237983704,0.9395816922187805,0.9395816922187805,-3.069105863571167,1.01509690284729,0.9571574926376343,0.9571574926376343,-6.371307849884033,-1.5897456407546997,0.27966681122779846,0.27966681122779846,34.07637023925781,0.11580600589513779,1.0030688047409058,1.0030688047409058,4.496500492095947,1.2280265092849731,-2.7268800735473633,-2.7268800735473633,-7.778609275817871,-2.1062674522399902,-2.3414418697357178,-2.3414418697357178,0.3780348300933838,0.2228369414806366,-1.0978838205337524,-1.0978838205337524,-0.9405314326286316,1.1104291677474976,-1.2199772596359253,-1.2199772596359253,-6.59935998916626,-1.9093823432922363,-3.9707624912261963,-3.9707624912261963,-0.12738411128520966,0.022858845070004463,0.8996982574462891,0.8996982574462891,0.07147454470396042,0.9882984757423401,0.8964138031005859,0.8964138031005859,-4.175797462463379,-1.5401123762130737,0.39800840616226196,0.39800840616226196,27.389869689941406,
1650935791.191352,-5.328000068664551,54.6140022277832,-0.2755044102668762,0.990138828754425,0.990138828754425,-1.1109906435012817,1.0280160903930664,0.7445521950721741,0.7445521950721741,-5.768186092376709,-1.5848878622055054,0.3300633430480957,0.3300633430480957,35.8878173828125,0.13081200420856476,0.9141392111778259,0.9141392111778259,1.812409520149231,1.1747868061065674,-4.2092390060424805,-4.2092390060424805,-3.8851804733276367,-2.1281745433807373,-0.6484375,-0.6484375,0.6440826654434204,0.1993873119354248,-2.019282102584839,-2.019282102584839,-1.0797545909881592,1.080573558807373,-2.648972749710083,-2.648972749710083,-5.214555263519287,-1.9590449333190918,-2.7992424964904785,-2.7992424964904785,0.05328993871808052,0.036904580891132355,0.9260281920433044,0.9260281920433044,0.687778115272522,1.000953197479248,0.8204159140586853,0.8204159140586853,-3.0978736877441406,-1.5345838069915771,0.24436257779598236,0.24436257779598236,27.07984161376953,
1650935791.203367,-5.328000068664551,54.6140022277832,-0.2645959258079529,0.7994748950004578,0.7994748950004578,1.8471245765686035,1.036720633506775,0.7020689845085144,0.7020689845085144,-5.849277973175049,-1.5796787738800049,0.5153734683990479,0.5153734683990479,37.62693786621094,0.1399475783109665,0.6346482634544373,0.6346482634544373,-1.8247658014297485,1.1196231842041016,-4.842231273651123,-4.842231273651123,1.8725618124008179,-2.1272478103637695,0.48184481263160706,0.48184481263160706,-0.06042208895087242,0.17079609632492065,-2.7053136825561523,-2.7053136825561523,-0.5280185341835022,1.043394684791565,-3.438305616378784,-3.438305616378784,-2.034633159637451,-1.9819426536560059,-1.2049006223678589,-1.2049006223678589,0.26101669669151306,0.04721086099743843,0.7881354093551636,0.7881354093551636,3.598388195037842,1.0110000371932983,0.859484076499939,0.859484076499939,-1.682779312133789,-1.5313559770584106,0.25563743710517883,0.25563743710517883,27.388427734375,
1650935791.2153518,-5.328000068664551,54.6140022277832,-0.2572401463985443,0.4369651973247528,0.4369651973247528,2.4806323051452637,1.0456804037094116,0.8108711242675781,0.8108711242675781,-6.036803245544434,-1.5729676485061646,0.6080581545829773,0.6080581545829773,37.739044189453125,0.14501146972179413,0.29559165239334106,0.29559165239334106,-3.870033025741577,1.062241792678833,-4.679296016693115,-4.679296016693115,3.4793736934661865,-2.116717576980591,0.9254261255264282,0.9254261255264282,-1.4405083656311035,0.13511140644550323,-3.155884265899658,-3.155884265899658,0.38982269167900085,1.0013655424118042,-3.487065076828003,-3.487065076828003,0.10924971848726273,-1.9916739463806152,-0.5835996866226196,-0.5835996866226196,-0.19852891564369202,0.055563751608133316,0.6094745993614197,0.6094745993614197,6.296658515930176,1.0220057964324951,0.9328858852386475,0.9328858852386475,-1.3456088304519653,-1.5281602144241333,0.3235233426094055,0.3235233426094055,29.079214096069336,
1650935791.233352,-5.328000068664551,54.6140022277832,-0.25239628553390503,0.2795275151729584,0.2795275151729584,-2.5560169219970703,1.0622718334197998,0.9919609427452087,0.9919609427452087,-6.041871547698975,-1.5606958866119385,0.7159386873245239,0.7159386873245239,34.4453239440918,0.1455940306186676,-0.12345301359891891,-0.12345301359891891,-2.7933053970336914,0.9819539785385132,-4.309550762176514,-4.309550762176514,0.28635016083717346,-2.098517656326294,1.008907437324524,1.008907437324524,-0.7086707353591919,0.07627049833536148,-3.3112306594848633,-3.3112306594848633,2.4317615032196045,0.9409065842628479,-3.196434259414673,-3.196434259414673,-0.4190276563167572,-2.0003345012664795,-0.585996687412262,-0.585996687412262,-1.1312191486358643,0.06458493322134018,0.4968169331550598,0.4968169331550598,6.990647315979004,1.0400227308273315,1.0447087287902832,1.0447087287902832,-3.2971107959747314,-1.5202505588531494,0.53271484375,0.53271484375,32.32371520996094,
1650935791.2483518,-5.328000068664551,54.6140022277832,-0.24639597535133362,0.47192448377609253,0.47192448377609253,-7.54554557800293,1.0773751735687256,1.0018800497055054,1.0018800497055054,-5.905028820037842,-1.5502135753631592,0.7244022488594055,0.7244022488594055,32.26232147216797,0.1429436057806015,-0.19878751039505005,-0.19878751039505005,-0.5677250623703003,0.9175100922584534,-4.2756500244140625,-4.2756500244140625,0.17819935083389282,-2.0812604427337646,1.1426669359207153,1.1426669359207153,-0.9453072547912598,0.028120998293161392,-3.198225736618042,-3.198225736618042,3.261943817138672,0.8913432359695435,-3.3983829021453857,-3.3983829021453857,-1.337101936340332,-2.0094106197357178,-0.4853663742542267,-0.4853663742542267,-0.9202200770378113,0.07280295342206955,0.569682240486145,0.569682240486145,4.748130798339844,1.0552146434783936,0.979560911655426,0.979560911655426,-5.355894088745117,-1.511557936668396,0.6116980314254761,0.6116980314254761,33.600833892822266,
1650935791.2573519,-5.328000068664551,54.6140022277832,-0.24157139658927917,0.6021086573600769,0.6021086573600769,-8.775912284851074,1.0862520933151245,0.9695366024971008,0.9695366024971008,-5.671889305114746,-1.5443333387374878,0.6666814684867859,0.6666814684867859,31.901905059814453,0.14143924415111542,-0.17892436683177948,-0.17892436683177948,-0.155580535531044,0.8797053694725037,-4.083012580871582,-4.083012580871582,1.6305099725723267,-2.0726478099823,0.8488103747367859,0.8488103747367859,-0.6789745092391968,-0.000655088690109551,-3.173999071121216,-3.173999071121216,2.9267771244049072,0.8596600294113159,-3.6431894302368164,-3.6431894302368164,-0.024101853370666504,-2.013533115386963,-0.47126540541648865,-0.47126540541648865,-1.079683780670166,0.0780588760972023,0.5987886786460876,0.5987886786460876,3.805549144744873,1.0638811588287354,0.9436017870903015,0.9436017870903015,-5.938279628753662,-1.5060771703720093,0.6400183439254761,0.6400183439254761,33.614845275878906,
1650935791.269352,-5.328000068664551,54.6140022277832,-0.23379802703857422,0.6561398506164551,0.6561398506164551,-8.461775779724121,1.0972553491592407,0.8885520100593567,0.8885520100593567,-5.514773368835449,-1.5372227430343628,0.5551462173461914,0.5551462173461914,32.20671081542969,0.13875675201416016,-0.3109731674194336,-0.3109731674194336,-1.1344237327575684,0.8321986794471741,-3.9651198387145996,-3.9651198387145996,-2.113567590713501,-2.063779354095459,0.8194543123245239,0.8194543123245239,-0.03151398524641991,-0.039816491305828094,-3.385863780975342,-3.385863780975342,2.7153642177581787,0.8161738514900208,-3.6222341060638428,-3.6222341060638428,1.0119372606277466,-2.017975330352783,-0.21906812489032745,-0.21906812489032745,-0.7544882297515869,0.08548013120889664,0.618280291557312,0.618280291557312,3.7071475982666016,1.0751807689666748,0.941139817237854,0.941139817237854,-5.8207807540893555,-1.4992862939834595,0.51171875,0.51171875,34.0229606628418,
1650935791.2873619,-5.328000068664551,54.6140022277832,-0.22337143123149872,0.5303221344947815,0.5303221344947815,-6.074341297149658,1.1126015186309814,0.8540875911712646,0.8540875911712646,-5.291769981384277,-1.5261493921279907,0.6551550626754761,0.6551550626754761,33.68363571166992,0.12816807627677917,-0.8562491536140442,-0.8562491536140442,-2.3399465084075928,0.7568449378013611,-4.300144195556641,-4.300144195556641,1.46570885181427,-2.0371265411376953,2.416015625,2.416015625,0.68339604139328,-0.10346721112728119,-3.6118736267089844,-3.6118736267089844,2.766928195953369,0.7526538968086243,-3.453075647354126,-3.453075647354126,0.011800492182374,-2.01747989654541,0.39658796787261963,0.39658796787261963,0.051612697541713715,0.0953429713845253,0.48035183548927307,0.48035183548927307,4.836174488067627,1.0918363332748413,0.9131584763526917,0.9131584763526917,-4.645792484283447,-1.4901782274246216,0.5452622175216675,0.5452622175216675,33.87216567993164,
1650935791.2993517,-8.664000511169434,54.263999938964844,-0.2171398103237152,0.49218225479125977,0.49218225479125977,-4.7287917137146,1.122889757156372,0.872522234916687,0.872522234916687,-5.134654521942139,-1.5179680585861206,0.6977687478065491,0.6977687478065491,34.71687316894531,0.11690711975097656,-0.9490755796432495,-0.9490755796432495,-1.876283884048462,0.7062063813209534,-4.088441848754883,-4.088441848754883,3.185821533203125,-2.001237630844116,3.530421495437622,3.530421495437622,1.2429109811782837,-0.14488036930561066,-3.3005192279815674,-3.3005192279815674,3.3444464206695557,0.7104203701019287,-3.590390682220459,-3.590390682220459,0.24773019552230835,-2.0033226013183594,2.071141242980957,2.071141242980957,0.9841088652610779,0.10037404298782349,0.3606972098350525,0.3606972098350525,4.390778541564941,1.1027077436447144,0.8770730495452881,0.8770730495452881,-4.512968063354492,-1.482444405555725,0.742246687412262,0.742246687412262,33.67686080932617,
1650935791.308352,-8.664000511169434,54.263999938964844,-0.21316325664520264,0.38377872109413147,0.38377872109413147,-4.671200275421143,1.1310960054397583,0.9528918266296387,0.9528918266296387,-5.2208147048950195,-1.5113208293914795,0.7811612486839294,0.7811612486839294,34.799644470214844,0.10825815051794052,-0.9409421682357788,-0.9409421682357788,-1.788703203201294,0.6715845465660095,-3.587956666946411,-3.587956666946411,3.335172653198242,-1.9662597179412842,4.338896751403809,4.338896751403809,1.5333969593048096,-0.17315897345542908,-2.9615988731384277,-2.9615988731384277,4.416979789733887,0.6784942150115967,-3.504138708114624,-3.504138708114624,1.8325623273849487,-1.9798815250396729,2.9934897422790527,2.9934897422790527,1.644652009010315,0.10297629982233047,0.24327774345874786,0.24327774345874786,2.7024173736572266,1.110607385635376,0.8775307536125183,0.8775307536125183,-5.4887189865112305,-1.4746466875076294,1.0075757503509521,1.0075757503509521,33.42710876464844,
1650935791.3173518,-8.664000511169434,54.263999938964844,-0.2097969800233841,0.35704073309898376,0.35704073309898376,-5.409420013427734,1.1399728059768677,1.0236340761184692,1.0236340761184692,-5.083971977233887,-1.503954529762268,0.8255504369735718,0.8255504369735718,34.07749938964844,0.099801205098629,-0.924746572971344,-0.924746572971344,-1.4074695110321045,0.641033947467804,-3.1766409873962402,-3.1766409873962402,2.8047187328338623,-1.924666404724121,4.979640483856201,4.979640483856201,1.145980715751648,-0.19806306064128876,-2.5724925994873047,-2.5724925994873047,5.675144195556641,0.6478525996208191,-3.238629102706909,-3.238629102706909,3.576390504837036,-1.9482111930847168,3.8979640007019043,3.8979640007019043,1.1809369325637817,0.10512235015630722,0.2452947348356247,0.2452947348356247,0.4340060353279114,1.118647575378418,0.9144130945205688,0.9144130945205688,-7.133702278137207,-1.4657143354415894,1.0295928716659546,1.0295928716659546,33.569217681884766,
1650935791.338352,-8.664000511169434,54.263999938964844,-0.20278161764144897,0.3730827271938324,0.3730827271938324,-7.870152950286865,1.1617435216903687,1.01898992061615,1.01898992061615,-4.637965679168701,-1.4845880270004272,1.021928310394287,1.021928310394287,32.67208480834961,0.08243919163942337,-0.6894398927688599,-0.6894398927688599,0.483243465423584,0.5849819779396057,-2.095402717590332,-2.095402717590332,3.4793736934661865,-1.8120466470718384,5.212121486663818,5.212121486663818,-0.3927951455116272,-0.24173438549041748,-1.5992231369018555,-1.5992231369018555,7.737709045410156,0.5922695398330688,-2.008868455886841,-2.008868455886841,5.463828086853027,-1.8501641750335693,5.0726799964904785,5.0726799964904785,0.4061996340751648,0.1119396910071373,0.39080721139907837,0.39080721139907837,-4.004415512084961,1.138735055923462,1.0023658275604248,1.0023658275604248,-10.459429740905762,-1.4441426992416382,1.0304510593414307,1.0304510593414307,33.716129302978516,
1650935791.362367,-8.664000511169434,54.263999938964844,-0.19463562965393066,0.3059759736061096,0.3059759736061096,-8.676435470581055,1.1853981018066406,0.9550285935401917,0.9550285935401917,-4.947129249572754,-1.457935094833374,1.2038352489471436,1.2038352489471436,32.756858825683594,0.07086455821990967,-0.2863635718822479,-0.2863635718822479,1.0602457523345947,0.5553646087646484,-0.43854787945747375,-0.43854787945747375,3.3506226539611816,-1.70431649684906,3.749171495437622,3.749171495437622,-0.06158639118075371,-0.26920920610427856,-0.7232142686843872,-0.7232142686843872,7.546921730041504,0.5664718151092529,-0.30416586995124817,-0.30416586995124817,3.0173397064208984,-1.7412196397781372,3.7556819915771484,3.7556819915771484,-0.19651320576667786,0.12224583327770233,0.4303416907787323,0.4303416907787323,-3.579735517501831,1.1637886762619019,1.019804835319519,1.019804835319519,-11.123553276062012,-1.4200624227523804,1.0395359992980957,1.0395359992980957,33.701961517333984,
1650935791.374352,-8.664000511169434,54.263999938964844,-0.19111508131027222,0.27035045623779297,0.27035045623779297,-8.66072940826416,1.1965994834899902,0.9245539307594299,0.9245539307594299,-5.580660343170166,-1.443058729171753,1.3104286193847656,1.3104286193847656,32.50910568237305,0.06925768405199051,-0.00819728709757328,-0.00819728709757328,1.0911566019058228,0.5548979640007019,0.3053736984729767,0.3053736984729767,2.809868574142456,-1.6649283170700073,2.900923252105713,2.900923252105713,0.0,-0.27473345398902893,-0.21513311564922333,-0.21513311564922333,7.799585819244385,0.5664846301078796,0.2535327076911926,0.2535327076911926,2.448031187057495,-1.698971152305603,3.3352272510528564,3.3352272510528564,-0.03927327319979668,0.12693634629249573,0.33753660321235657,0.33753660321235657,-2.8132405281066895,1.1757339239120483,0.9544755220413208,0.9544755220413208,-10.602471351623535,-1.406288504600525,1.269235372543335,1.269235372543335,33.45657730102539,
1650935791.380352,-8.664000511169434,54.263999938964844,-0.18950265645980835,0.28325146436691284,0.28325146436691284,-8.55601692199707,1.2020660638809204,0.8894666433334351,0.8894666433334351,-6.285147666931152,-1.4347494840621948,1.3594342470169067,1.3594342470169067,32.80535888671875,0.06955213844776154,0.12153132259845734,0.12153132259845734,0.8953879475593567,0.5581063032150269,0.7092757225036621,0.7092757225036621,3.2682220935821533,-1.64826238155365,2.6699812412261963,2.6699812412261963,-0.049933359026908875,-0.2751290202140808,0.06780700385570526,0.06780700385570526,7.8820881843566895,0.5689831972122192,0.5471459031105042,0.5471459031105042,3.2840428352355957,-1.6796365976333618,3.0542140007019043,3.0542140007019043,-0.16282175481319427,0.12888966500759125,0.29607436060905457,0.29607436060905457,-2.688943862915039,1.1811152696609497,0.8972029089927673,0.8972029089927673,-10.418560028076172,-1.3983629941940308,1.3593454360961914,1.3593454360961914,32.963661193847656,
1650935791.398352,-8.664000511169434,54.263999938964844,-0.18539105355739594,0.13941475749015808,0.13941475749015808,-11.121461868286133,1.2179102897644043,0.897524893283844,0.897524893283844,-9.88867473602295,-1.4070899486541748,1.714429497718811,1.714429497718811,33.4470100402832,0.07796429842710495,0.8645485639572144,0.8645485639572144,3.5434165000915527,0.5805846452713013,1.7248049974441528,1.7248049974441528,2.7995686531066895,-1.6097689867019653,1.7936789989471436,1.7936789989471436,0.22637943923473358,-0.26498621702194214,1.1408237218856812,1.1408237218856812,10.197317123413086,0.5882628560066223,1.5124701261520386,1.5124701261520386,3.217367172241211,-1.6322749853134155,2.5093514919281006,2.5093514919281006,0.18448498845100403,0.13453111052513123,0.3635372519493103,0.3635372519493103,-3.087728500366211,1.1963903903961182,0.8170228004455566,0.8170228004455566,-9.795305252075195,-1.370399832725525,1.6841856241226196,1.6841856241226196,32.13238525390625,
1650935791.407352,-8.664000511169434,54.263999938964844,-0.18402917683124542,0.18756258487701416,0.18756258487701416,-12.451305389404297,1.2258292436599731,0.8470464944839478,0.8470464944839478,-10.730005264282227,-1.391366720199585,1.828125,1.828125,32.788326263427734,0.08772081136703491,1.233743667602539,1.233743667602539,2.6006360054016113,0.5994455814361572,2.3777146339416504,2.3777146339416504,4.148878574371338,-1.594333291053772,1.5847538709640503,1.5847538709640503,0.6178492307662964,-0.25220248103141785,1.689986228942871,1.689986228942871,10.207630157470703,0.6042450666427612,2.038297653198242,2.038297653198242,4.514980316162109,-1.6106394529342651,1.8774266242980957,1.8774266242980957,0.535645067691803,0.1378079652786255,0.39736390113830566,0.39736390113830566,-3.1395187377929688,1.2035293579101562,0.7905407547950745,0.7905407547950745,-10.040520668029785,-1.3541332483291626,1.9244792461395264,1.9244792461395264,31.793254852294922,
1650935791.416352,-8.664000511169434,54.263999938964844,-0.18187057971954346,0.15467548370361328,0.15467548370361328,-10.419891357421875,1.2329689264297485,0.6818445324897766,0.6818445324897766,-9.326099395751953,-1.373582124710083,2.189985752105713,2.189985752105713,31.95171546936035,0.09816874563694,0.62941575050354,0.62941575050354,3.1724863052368164,0.6226077079772949,2.21048641204834,2.21048641204834,4.9986348152160645,-1.5969858169555664,-1.6605113744735718,-1.6605113744735718,26.178041458129883,-0.23635676503181458,1.3455684185028076,1.3455684185028076,7.247849941253662,0.6245790719985962,2.103389024734497,2.103389024734497,4.196988105773926,-1.614458441734314,-0.5805516242980957,-0.5805516242980957,21.383386611938477,0.14085359871387482,0.40341684222221375,0.40341684222221375,-2.74591326713562,1.2101634740829468,0.6511704921722412,0.6511704921722412,-10.684209823608398,-1.3367801904678345,1.9565578699111938,1.9565578699111938,31.351276397705078,
1650935791.4223518,-8.664000511169434,54.263999938964844,-0.1798534095287323,0.39283284544944763,0.39283284544944763,-5.582194805145264,1.2369986772537231,1.0628215074539185,1.0628215074539185,7.12037992477417,-1.3614060878753662,1.6405067443847656,1.6405067443847656,25.662935256958008,0.09762454777956009,-0.5288985967636108,-0.5288985967636108,6.170837879180908,0.6347705125808716,2.1002635955810547,2.1002635955810547,-6.156347274780273,-1.5999737977981567,0.44733962416648865,0.44733962416648865,29.30203628540039,-0.23181487619876862,0.06479886174201965,0.06479886174201965,4.09212589263916,0.6369889974594116,2.1081385612487793,2.1081385612487793,-0.23951593041419983,-1.6196836233139038,-0.9860914349555969,-0.9860914349555969,18.052032470703125,0.14328880608081818,0.3788401484489441,0.3788401484489441,-1.9845969676971436,1.2151869535446167,1.2793467044830322,1.2793467044830322,7.819298267364502,-1.325866460800171,1.0176669359207153,1.0176669359207153,25.25942039489746,
1650935791.431352,-8.664000511169434,54.263999938964844,-0.18509556353092194,-1.0586771965026855,-1.0586771965026855,0.046077389270067215,1.2560423612594604,2.9144368171691895,2.9144368171691895,14.844396591186523,-1.3589932918548584,0.05975157022476196,0.05975157022476196,-0.02428196556866169,0.08970537036657333,-1.2722527980804443,-1.2722527980804443,6.9899749755859375,0.6580476760864258,2.9964399337768555,2.9964399337768555,-3.591628313064575,-1.5991109609603882,0.7617483735084534,0.7617483735084534,34.10657501220703,-0.2355785369873047,-0.6232362389564514,-0.6232362389564514,6.180472373962402,0.6582816243171692,2.324289321899414,2.324289321899414,-0.37286749482154846,-1.6174784898757935,0.06224707514047623,0.06224707514047623,52.970523834228516,0.15227147936820984,1.1382697820663452,1.1382697820663452,-11.659008979797363,1.2371536493301392,3.2827999591827393,3.2827999591827393,19.656024932861328,-1.3390171527862549,-2.4721827507019043,-2.4721827507019043,-0.9284293055534363,
1650935791.437367,-8.664000511169434,54.263999938964844,-0.19186677038669586,-1.1528987884521484,-1.1528987884521484,2.836653232574463,1.277295708656311,4.145219802856445,4.145219802856445,7.738706588745117,-1.370146632194519,-3.410984992980957,-3.410984992980957,-4.4232330322265625,0.08153652399778366,-1.3620281219482422,-1.3620281219482422,3.2085490226745605,0.6742304563522339,2.443999767303467,2.443999767303467,-1.2535111904144287,-1.5982481241226196,-0.25423917174339294,-0.25423917174339294,34.38862991333008,-0.23711590468883514,0.0388631708920002,0.0388631708920002,6.448606014251709,0.6722956299781799,2.6088922023773193,2.6088922023773193,-5.255586624145508,-1.6220964193344116,-1.1899563074111938,-1.1899563074111938,49.053855895996094,0.15531066060066223,0.11530034244060516,0.11530034244060516,-9.965469360351562,1.2612037658691406,4.619750499725342,4.619750499725342,14.884552955627441,-1.3521997928619385,-2.4384469985961914,-2.4384469985961914,-4.62432861328125,
1650935791.470367,-8.664000511169434,54.263999938964844,-0.19744305312633514,0.7967939972877502,0.7967939972877502,-5.770676612854004,1.409713864326477,2.764310359954834,2.764310359954834,-7.359617233276367,-1.5268843173980713,-6.020123481750488,-6.020123481750488,-3.800492286682129,0.08188227564096451,0.19379010796546936,0.19379010796546936,-1.90719473361969,0.7587303519248962,2.206540822982788,2.206540822982788,-1.1093101501464844,-1.626754641532898,-0.748609185218811,-0.748609185218811,40.446258544921875,-0.23789413273334503,-0.6191250085830688,-0.6191250085830688,3.7002387046813965,0.7591657042503357,2.040522575378418,2.040522575378418,-2.044891119003296,-1.6517692804336548,-0.27769148349761963,-0.27769148349761963,35.0439338684082,0.15827269852161407,0.18305577337741852,0.18305577337741852,1.4439152479171753,1.4102920293807983,2.24655818939209,2.24655818939209,-12.553973197937012,-1.5269616842269897,-6.170217990875244,-6.170217990875244,-5.923961162567139,
1650935791.4793868,-8.664000511169434,54.263999938964844,-0.19186677038669586,0.1994285136461258,0.1994285136461258,-6.419891357421875,1.4314589500427246,2.2142364978790283,2.2142364978790283,-5.793527126312256,-1.5893142223358154,-7.243371486663818,-7.243371486663818,-2.062117338180542,0.08236875385046005,-0.01720685139298439,-0.01720685139298439,-0.2586166560649872,0.7776998281478882,2.0261030197143555,2.0261030197143555,-2.3453192710876465,-1.6321555376052856,-0.5563595294952393,-0.5563595294952393,44.33662414550781,-0.24285706877708435,-0.49340423941612244,-0.49340423941612244,-0.6569288372993469,0.7764196395874023,1.7847332954406738,1.7847332954406738,-2.219273805618286,-1.6523445844650269,0.05147113278508186,0.05147113278508186,32.209407806396484,0.16014887392520905,0.3466159999370575,0.3466159999370575,2.5522258281707764,1.424614667892456,1.1866751909255981,1.1866751909255981,-7.082615852355957,-1.5836073160171509,-6.60369348526001,-6.60369348526001,-2.942901372909546,
1650935791.4853668,-8.664000511169434,54.263999938964844,-0.19316449761390686,-0.48367542028427124,-0.48367542028427124,-3.0010430812835693,1.4438035488128662,1.9031028747558594,1.9031028747558594,-4.470713138580322,-1.6329846382141113,-7.5464019775390625,-7.5464019775390625,-2.2221784591674805,0.08235596865415573,0.022323617711663246,0.022323617711663246,0.47809165716171265,0.7898369431495667,1.9961483478546143,1.9961483478546143,-3.3959269523620605,-1.6353193521499634,-0.5443596243858337,-0.5443596243858337,44.934688568115234,-0.2457340806722641,-0.44064679741859436,-0.44064679741859436,-3.6373345851898193,0.7869189381599426,1.7220405340194702,1.7220405340194702,-2.773195743560791,-1.6521369218826294,0.11961781233549118,0.11961781233549118,28.871591567993164,0.16387556493282318,0.8112603425979614,0.8112603425979614,0.9156550765037537,1.4310697317123413,0.9840587973594666,0.9840587973594666,-2.9497230052948,-1.6232830286026,-6.61482048034668,-6.61482048034668,-2.524404525756836,
1650935791.506382,-8.664000511169434,54.263999938964844,-0.20827437937259674,-0.642005443572998,-0.642005443572998,2.318328619003296,1.4730333089828491,0.9620933532714844,0.9620933532714844,0.6634263396263123,-1.7898660898208618,-7.0414299964904785,-7.0414299964904785,-1.0338724851608276,0.08579382300376892,0.26115328073501587,0.26115328073501587,4.3831610679626465,0.8330168128013611,2.0817983150482178,2.0817983150482178,-6.202697277069092,-1.646472692489624,-0.5494347810745239,-0.5494347810745239,37.888771057128906,-0.2452811449766159,0.17612916231155396,0.17612916231155396,-5.916468143463135,0.8246665596961975,1.8896052837371826,1.8896052837371826,-3.265570878982544,-1.6496281623840332,0.13462136685848236,0.13462136685848236,31.09794807434082,0.18534906208515167,1.0883231163024902,1.0883231163024902,-3.9111928939819336,1.4544873237609863,1.3101530075073242,1.3101530075073242,1.530557632446289,-1.7686116695404053,-7.114109992980957,-7.114109992980957,-1.5640406608581543,
1650935791.515372,-8.664000511169434,54.263999938964844,-0.21295760571956635,-0.4052698612213135,-0.4052698612213135,0.6481716632843018,1.4805561304092407,0.7302807569503784,0.7302807569503784,0.5874025225639343,-1.8542134761810303,-7.266808986663818,-7.266808986663818,-0.6330782771110535,0.08755429834127426,0.12715215981006622,0.12715215981006622,6.057497978210449,0.8516666293144226,2.0533745288848877,2.0533745288848877,-6.661050796508789,-1.650227665901184,-0.40255090594291687,-0.40255090594291687,34.81394577026367,-0.24401810765266418,0.0855688750743866,0.0855688750743866,-4.0343780517578125,0.8418886065483093,1.917188286781311,1.917188286781311,-3.814363718032837,-1.648909091949463,0.05133426934480667,0.05133426934480667,33.09025955200195,0.19322653114795685,0.6924228072166443,0.6924228072166443,-3.6522419452667236,1.4662023782730103,1.276142954826355,1.276142954826355,0.00818181224167347,-1.8322559595108032,-7.215909004211426,-7.215909004211426,-2.4615259170532227,
1650935791.5243669,-8.664000511169434,54.263999938964844,-0.2164974957704544,-0.3822518587112427,-0.3822518587112427,-1.1109906435012817,1.4860546588897705,0.46701177954673767,0.46701177954673767,-1.5767412185668945,-1.91849684715271,-7.007575988769531,-7.007575988769531,-0.4326561689376831,0.08779124170541763,-0.05162450298666954,-0.05162450298666954,7.639102458953857,0.8697286248207092,1.9762153625488281,1.9762153625488281,-6.63015079498291,-1.6524966955184937,-0.07153135538101196,-0.07153135538101196,31.741323471069336,-0.24339932203292847,0.08121048659086227,0.08121048659086227,-2.626677989959717,0.8589379191398621,1.8480889797210693,1.8480889797210693,-4.188774108886719,-1.6481740474700928,0.031434956938028336,0.031434956938028336,33.79117202758789,0.1985081285238266,0.4915890395641327,0.4915890395641327,-2.461066961288452,1.476172685623169,0.907042920589447,0.907042920589447,-2.5614659786224365,-1.897434115409851,-7.253077983856201,-7.253077983856201,-2.1590983867645264,
1650935791.5333672,-8.664000511169434,54.263999938964844,-0.21849538385868073,-0.060765791684389114,-0.060765791684389114,-3.398948907852173,1.4867380857467651,-0.4047811031341553,-0.4047811031341553,-7.9779438972473145,-1.9794886112213135,-6.596590995788574,-6.596590995788574,-0.6297982335090637,0.08704859763383865,-0.09482318162918091,-0.09482318162918091,8.705526351928711,0.8868829011917114,1.8477957248687744,1.8477957248687744,-6.006996154785156,-1.6527843475341797,0.011896306648850441,0.011896306648850441,30.903772354125977,-0.24302297830581665,-0.006422391161322594,-0.006422391161322594,-2.0336906909942627,0.8753865361213684,1.7557460069656372,1.7557460069656372,-3.5835630893707275,-1.6470714807510376,0.1837565153837204,0.1837565153837204,33.2149772644043,0.2023247927427292,0.3453110158443451,0.3453110158443451,-0.741631805896759,1.480211853981018,-0.07884752750396729,-0.07884752750396729,-7.481090068817139,-1.9619731903076172,-6.918087482452393,-6.918087482452393,-1.7953920364379883,
1650935791.542367,-8.664000511169434,54.263999938964844,-0.2184246927499771,0.08215926587581635,0.08215926587581635,-5.482718467712402,1.4764434099197388,-1.9193612337112427,-1.9193612337112427,-12.270753860473633,-2.033449649810791,-5.483428001403809,-5.483428001403809,-0.5464237332344055,0.0865364745259285,-0.04357659071683884,-0.04357659071683884,9.04554557800293,0.9028612375259399,1.6776478290557861,1.6776478290557861,-5.558942794799805,-1.6515220403671265,0.253935843706131,0.253935843706131,33.09526062011719,-0.24402444064617157,-0.21137626469135284,-0.21137626469135284,-2.8277781009674072,0.8904933333396912,1.6128133535385132,1.6128133535385132,-2.0295042991638184,-1.6441633701324463,0.4548709988594055,0.4548709988594055,32.46426773071289,0.20501695573329926,0.31542709469795227,0.31542709469795227,1.0088773965835571,1.4717944860458374,-1.7502795457839966,-1.7502795457839966,-11.133769989013672,-2.020871639251709,-6.260653495788574,-6.260653495788574,-1.682818055152893,
1650935791.5513918,-8.664000511169434,54.263999938964844,-0.21729406714439392,0.040328096598386765,0.040328096598386765,-5.718320369720459,1.4510902166366577,-3.45094895362854,-3.45094895362854,-7.151818752288818,-2.0774714946746826,-4.55291223526001,-4.55291223526001,-1.377854347229004,0.08586426079273224,-0.10866335779428482,-0.10866335779428482,8.963116645812988,0.9171459078788757,1.4860361814498901,1.4860361814498901,-5.497142314910889,-1.648134469985962,0.4918619990348816,0.4918619990348816,36.76443099975586,-0.24656975269317627,-0.2977760434150696,-0.2977760434150696,-5.436922073364258,0.9040025472640991,1.4354177713394165,1.4354177713394165,-0.6293128132820129,-1.6394015550613403,0.6723484992980957,0.6723484992980957,30.0316219329834,0.2076706886291504,0.3299049735069275,0.3299049735069275,2.288095712661743,1.447201132774353,-3.711216449737549,-3.711216449737549,-11.271703720092773,-2.0705342292785645,-4.862215995788574,-4.862215995788574,-1.246495008468628,
1650935791.563377,-8.664000511169434,54.263999938964844,-0.2200758308172226,-0.31097301840782166,-0.31097301840782166,-1.5350744724273682,1.4056330919265747,-4.060410976409912,-4.060410976409912,-1.9974061250686646,-2.1356029510498047,-5.1156487464904785,-5.1156487464904785,-0.5011223554611206,0.08476950228214264,-0.03598267585039139,-0.03598267585039139,7.319690704345703,0.9339422583580017,1.3177978992462158,1.3177978992462158,-5.548642635345459,-1.6404485702514648,0.7892992496490479,0.7892992496490479,40.17427062988281,-0.24908950924873352,-0.11512850970029831,-0.11512850970029831,-10.840841293334961,0.9201827645301819,1.311862587928772,1.311862587928772,0.8939723968505859,-1.6305173635482788,0.8122928738594055,0.8122928738594055,29.23693084716797,0.2133828103542328,0.6058570742607117,0.6058570742607117,2.0602188110351562,1.3896355628967285,-5.868227958679199,-5.868227958679199,-9.192485809326172,-2.119765520095825,-3.230705499649048,-3.230705499649048,-0.822232723236084,
1650935791.572367,-8.664000511169434,54.263999938964844,-0.22209298610687256,-0.160108745098114,-0.160108745098114,1.4178051948547363,1.365923523902893,-4.812808513641357,-4.812808513641357,-4.577146530151367,-2.1779632568359375,-4.131036758422852,-4.131036758422852,-0.2910303771495819,0.08508317917585373,0.09784256666898727,0.09784256666898727,5.392914772033691,0.9454467296600342,1.284860372543335,1.284860372543335,-5.965795993804932,-1.6337214708328247,0.734937310218811,0.734937310218811,40.64187240600586,-0.24894914031028748,0.0919366255402565,0.0919366255402565,-13.888279914855957,0.9317684769630432,1.3045881986618042,1.3045881986618042,1.6120193004608154,-1.623630404472351,0.8255800604820251,0.8255800604820251,29.138185501098633,0.2197760045528412,0.7144767642021179,0.7144767642021179,1.3558719158172607,1.3308937549591064,-7.07049560546875,-7.07049560546875,-6.755662441253662,-2.1414968967437744,-1.5926846265792847,-1.5926846265792847,0.26377934217453003,
1650935791.581367,-8.664000511169434,54.263999938964844,-0.22145698964595795,0.2592419981956482,0.2592419981956482,0.32879990339279175,1.3158557415008545,-6.173154354095459,-6.173154354095459,-7.339344024658203,-2.2076523303985596,-2.69862699508667,-2.69862699508667,-0.845405101776123,0.08636359870433807,0.11839237809181213,0.11839237809181213,4.81591272354126,0.957065999507904,1.305030107498169,1.305030107498169,-5.919445514678955,-1.6272978782653809,0.6802793741226196,0.6802793741226196,40.01582336425781,-0.24780090153217316,0.18729142844676971,0.18729142844676971,-14.342044830322266,0.9433349967002869,1.2857786417007446,1.2857786417007446,1.7966599464416504,-1.616599678993225,0.8349905610084534,0.8349905610084534,29.876163482666016,0.22643260657787323,0.6894241571426392,0.6894241571426392,0.34078365564346313,1.265051245689392,-7.500205993652344,-7.500205993652344,-2.1987524032592773,-2.1493425369262695,-0.2952843904495239,-0.2952843904495239,-0.06301989406347275,
1650935791.5903666,-8.664000511169434,54.263999938964844,-0.21772439777851105,0.5450157523155212,0.5450157523155212,-0.8073257803916931,1.2533091306686401,-7.751877307891846,-7.751877307891846,-9.56430721282959,-2.226810932159424,-1.543087124824524,-1.543087124824524,-0.08332725614309311,0.08713825047016144,0.062111835926771164,0.062111835926771164,5.367156028747559,0.9696313738822937,1.425969123840332,1.425969123840332,-5.981245994567871,-1.6223922967910767,0.43057528138160706,0.43057528138160706,36.51449966430664,-0.2448665201663971,0.46210893988609314,0.46210893988609314,-11.000689506530762,0.9544796943664551,1.2050496339797974,1.2050496339797974,0.2887614369392395,-1.6098405122756958,0.5750029683113098,0.5750029683113098,31.66449546813965,0.23189415037631989,0.5271450877189636,0.5271450877189636,-1.1922067403793335,1.198135256767273,-7.322248935699463,-7.322248935699463,1.3824069499969482,-2.147904396057129,0.46163293719291687,0.46163293719291687,-0.7856124043464661,
1650935791.602387,-7.148000240325928,54.41800308227539,-0.21163427829742432,0.5555570721626282,0.5555570721626282,-1.4565404653549194,1.1472021341323853,-10.034995079040527,-10.034995079040527,-8.1654691696167,-2.224142551422119,2.181581497192383,2.181581497192383,2.6187541484832764,0.08722147345542908,-0.055717866867780685,-0.055717866867780685,9.231010437011719,0.987476110458374,1.5268014669418335,1.5268014669418335,-5.491992473602295,-1.618317723274231,0.1992853283882141,0.1992853283882141,31.48141860961914,-0.23872341215610504,0.4317941665649414,0.4317941665649414,-3.833278179168701,0.9689474105834961,1.1578209400177002,1.1578209400177002,-2.3321099281311035,-1.6011000871658325,0.6698331236839294,0.6698331236839294,35.22164535522461,0.23601919412612915,0.1252305805683136,0.1252305805683136,-3.517587423324585,1.1138030290603638,-6.994174003601074,-6.994174003601074,1.1933871507644653,-2.1393556594848633,0.9734256863594055,0.9734256863594055,-1.5789116621017456,
1650935791.617367,-7.148000240325928,54.41800308227539,-0.20424629747867584,0.3557359576225281,0.3557359576225281,-1.5664880275726318,0.9877317547798157,-10.694541931152344,-10.694541931152344,6.902444839477539,-2.1554009914398193,6.495028495788574,6.495028495788574,1.9214876890182495,0.08479514718055725,-0.2537233531475067,-0.2537233531475067,13.249420166015625,1.009398341178894,1.3553752899169922,1.3553752899169922,-3.195075511932373,-1.612852931022644,0.5526604056358337,0.5526604056358337,28.382598876953125,-0.23821310698986053,-0.25899460911750793,-0.25899460911750793,3.6177361011505127,0.9862524271011353,1.1902167797088623,1.1902167797088623,-4.368285655975342,-1.5878854990005493,0.8977273106575012,0.8977273106575012,38.70046615600586,0.23562729358673096,-0.1512758582830429,-0.1512758582830429,-5.304349899291992,1.007599949836731,-7.359746932983398,-7.359746932983398,-1.0595247745513916,-2.1259334087371826,1.1036932468414307,1.1036932468414307,-2.0281684398651123,
1650935791.6233668,-7.148000240325928,54.41800308227539,-0.20275594294071198,0.14684483408927917,0.14684483408927917,-0.6136084794998169,0.9261751174926758,-9.689200401306152,-9.689200401306152,13.881428718566895,-2.114670515060425,6.973484992980957,6.973484992980957,0.734740674495697,0.08295774459838867,-0.3667764961719513,-0.3667764961719513,12.4972562789917,1.0171958208084106,1.24703049659729,1.24703049659729,-1.7530648708343506,-1.608059287071228,0.9842270612716675,0.9842270612716675,28.65809440612793,-0.24005663394927979,-0.3267518877983093,-0.3267518877983093,3.658987522125244,0.9934671521186829,1.2278355360031128,1.2278355360031128,-4.040035724639893,-1.582324743270874,0.9219046235084534,0.9219046235084534,39.49988555908203,0.23498474061489105,-0.09305500239133835,-0.09305500239133835,-5.5425848960876465,0.9629700779914856,-7.59085750579834,-7.59085750579834,-1.4631075859069824,-2.1191422939300537,1.198360562324524,1.198360562324524,-1.4249939918518066,
1650935791.632367,-7.148000240325928,54.41800308227539,-0.20181156694889069,0.12677647173404694,0.12677647173404694,2.2502658367156982,0.8480716943740845,-7.835897445678711,-7.835897445678711,13.364466667175293,-2.0535669326782227,6.482481479644775,6.482481479644775,-0.13680797815322876,0.07832283526659012,-0.6560606360435486,-0.6560606360435486,8.32429313659668,1.027230143547058,1.0000232458114624,1.0000232458114624,0.3636007308959961,-1.5955636501312256,1.7431344985961914,1.7431344985961914,31.088062286376953,-0.2424105405807495,-0.17178554832935333,-0.17178554832935333,2.71020770072937,1.0047012567520142,1.2573436498641968,1.2573436498641968,-3.291215419769287,-1.5748625993728638,0.8055161237716675,0.8055161237716675,38.81254959106445,0.23416867852210999,-0.04086824133992195,-0.04086824133992195,-5.392393112182617,0.8938682675361633,-7.8376240730285645,-7.8376240730285645,-2.1016881465911865,-2.10447359085083,1.9770952463150024,1.9770952463150024,-0.6105709075927734,
1650935791.638367,-7.148000240325928,54.41800308227539,-0.2005138397216797,0.2803404927253723,0.2803404927253723,4.229323387145996,0.8051307201385498,-6.557553291320801,-6.557553291320801,11.620987892150879,-2.0152814388275146,6.084990501403809,6.084990501403809,-0.6065196394920349,0.07439206540584564,-0.6290679574012756,-0.6290679574012756,3.862828493118286,1.032912015914917,0.9425365924835205,0.9425365924835205,1.3627080917358398,-1.584985613822937,1.8792022466659546,1.8792022466659546,32.45265579223633,-0.24262109398841858,0.0707944706082344,0.0707944706082344,1.8748691082000732,1.0124399662017822,1.2901970148086548,1.2901970148086548,-2.82961368560791,-1.5700370073318481,0.7961943745613098,0.7961943745613098,38.410308837890625,0.2338731437921524,0.017150569707155228,0.017150569707155228,-5.01432466506958,0.8463301658630371,-7.872091770172119,-7.872091770172119,2.547177791595459,-2.0897250175476074,2.7093396186828613,2.7093396186828613,-0.6589852571487427,
1650935791.650367,-7.148000240325928,54.41800308227539,-0.19527162611484528,0.6364215016365051,0.6364215016365051,6.768590450286865,0.7367919087409973,-5.250067234039307,-5.250067234039307,-2.083566427230835,-1.9545934200286865,4.365293979644775,4.365293979644775,-2.4659712314605713,0.06982109695672989,-0.11317958682775497,-0.11317958682775497,-4.962215900421143,1.0448957681655884,1.0449552536010742,1.0449552536010742,3.5411739349365234,-1.5646443367004395,1.4522372484207153,1.4522372484207153,34.76197814941406,-0.2393740713596344,0.3832622170448303,0.3832622170448303,0.9364022612571716,1.028281569480896,1.3223718404769897,1.3223718404769897,-2.4859769344329834,-1.5611525774002075,0.6671697497367859,0.6671697497367859,38.858848571777344,0.234361469745636,0.09325829148292542,0.09325829148292542,-3.7040321826934814,0.7545650005340576,-7.439414024353027,-7.439414024353027,1.4488193988800049,-2.0474445819854736,4.552675247192383,4.552675247192383,0.389614075422287,
1650935791.6593819,-7.148000240325928,54.41800308227539,-0.18696504831314087,0.9952389597892761,0.9952389597892761,5.9937214851379395,0.6883078217506409,-5.505786418914795,-5.505786418914795,-5.34752082824707,-1.920510172843933,3.522017002105713,3.522017002105713,-1.8806349039077759,0.07049323618412018,0.20465239882469177,0.20465239882469177,-8.594239234924316,1.0551539659500122,1.228865146636963,1.228865146636963,4.262179374694824,-1.5542579889297485,0.9036458730697632,0.9036458730697632,34.87087631225586,-0.2357443869113922,0.3673369288444519,0.3673369288444519,2.2719128131866455,1.0399566888809204,1.2879563570022583,1.2879563570022583,-2.921934127807617,-1.554377555847168,0.7948627471923828,0.7948627471923828,38.86634826660156,0.23459921777248383,-0.003161332104355097,-0.003161332104355097,-2.942715883255005,0.6896749138832092,-7.000739574432373,-7.000739574432373,5.116825580596924,-1.9999871253967285,5.750236988067627,5.750236988067627,1.30691397190094,
